{
    "success":true,
    "terms":"https:\/\/currencylayer.com\/terms",
    "privacy":"https:\/\/currencylayer.com\/privacy",
    "timestamp":1528808408,
    "source":"USD",
    "quotes":{
       "USDAED":3.672804,
       "USDAFN":71.300003,
       "USDALL":107.529999,
       "USDAMD":482.329987,
       "USDANG":1.8025,
       "USDAOA":237.716003,
       "USDARS":26.009001,
       "USDAUD":1.313198,
       "USDAWG":1.78,
       "USDAZN":1.699501,
       "USDBAM":1.660099,
       "USDBBD":2,
       "USDBDT":84.040001,
       "USDBGN":1.658904,
       "USDBHD":0.377603,
       "USDBIF":1750.97998,
       "USDBMD":1,
       "USDBND":1.321,
       "USDBOB":6.850507,
       "USDBRL":3.702199,
       "USDBSD":1,
       "USDBTC":0.000149,
       "USDBTN":67.400002,
       "USDBWP":10.178298,
       "USDBYN":1.999902,
       "USDBYR":19600,
       "USDBZD":1.997801,
       "USDCAD":1.29926,
       "USDCDF":1565.497663,
       "USDCHF":0.983397,
       "USDCLF":0.02311,
       "USDCLP":632.299988,
       "USDCNY":6.403397,
       "USDCOP":2852.300049,
       "USDCRC":565.50327,
       "USDCUC":1,
       "USDCUP":26.5,
       "USDCVE":93.459999,
       "USDCZK":21.730897,
       "USDDJF":177.502233,
       "USDDKK":6.313219,
       "USDDOP":49.519916,
       "USDDZD":116.152958,
       "USDEGP":17.809999,
       "USDERN":14.989748,
       "USDETB":27.200001,
       "USDEUR":0.847296,
       "USDFJD":2.054019,
       "USDFKP":0.746703,
       "USDGBP":0.74759,
       "USDGEL":2.437297,
       "USDGGP":0.747628,
       "USDGHS":4.673802,
       "USDGIP":0.74701,
       "USDGMD":46.869999,
       "USDGNF":8995.000167,
       "USDGTQ":7.335972,
       "USDGYD":205.289993,
       "USDHKD":7.84692,
       "USDHNL":23.874001,
       "USDHRK":6.251202,
       "USDHTG":66.110001,
       "USDHUF":271.000386,
       "USDIDR":13925,
       "USDILS":3.574198,
       "USDIMP":0.747628,
       "USDINR":67.464996,
       "USDIQD":1184,
       "USDIRR":42244.999742,
       "USDISK":105.879997,
       "USDJEP":0.747628,
       "USDJMD":128.179993,
       "USDJOD":0.708502,
       "USDJPY":110.260002,
       "USDKES":100.919998,
       "USDKGS":68.261299,
       "USDKHR":4008.399902,
       "USDKMF":417.850006,
       "USDKPW":900.000069,
       "USDKRW":1076.579956,
       "USDKWD":0.302003,
       "USDKYD":0.820017,
       "USDKZT":334.440002,
       "USDLAK":8340.99988,
       "USDLBP":1505.000039,
       "USDLKR":159.399994,
       "USDLRD":139.669998,
       "USDLSL":13.08982,
       "USDLTL":3.048703,
       "USDLVL":0.62055,
       "USDLYD":1.355959,
       "USDMAD":9.426001,
       "USDMDL":16.671028,
       "USDMGA":3269.999875,
       "USDMKD":51.910177,
       "USDMMK":1355.000023,
       "USDMNT":2405.999936,
       "USDMOP":8.082015,
       "USDMRO":353.999824,
       "USDMUR":33.799999,
       "USDMVR":15.569692,
       "USDMWK":712.73999,
       "USDMXN":20.547101,
       "USDMYR":3.990704,
       "USDMZN":58.790001,
       "USDNAD":13.175007,
       "USDNGN":359.000041,
       "USDNIO":31.468701,
       "USDNOK":7.99847,
       "USDNPR":107.639999,
       "USDNZD":1.421499,
       "USDOMR":0.384897,
       "USDPAB":1,
       "USDPEN":3.260699,
       "USDPGK":3.260102,
       "USDPHP":53.000368,
       "USDPKR":118.190002,
       "USDPLN":3.621971,
       "USDPYG":5599.00023,
       "USDQAR":3.641302,
       "USDRON":3.946098,
       "USDRSD":100.097298,
       "USDRUB":62.706299,
       "USDRWF":849.429993,
       "USDSAR":3.749902,
       "USDSBD":7.902599,
       "USDSCR":13.430323,
       "USDSDG":17.955099,
       "USDSEK":8.60103,
       "USDSGD":1.33412,
       "USDSHP":0.746961,
       "USDSLL":7929.999598,
       "USDSOS":563.000191,
       "USDSRD":7.430481,
       "USDSTD":20766.199219,
       "USDSVC":8.749906,
       "USDSYP":514.97998,
       "USDSZL":13.173975,
       "USDTHB":32.070235,
       "USDTJS":9.071404,
       "USDTMT":3.4,
       "USDTND":2.587994,
       "USDTOP":2.307498,
       "USDTRY":4.547701,
       "USDTTD":6.649502,
       "USDTWD":29.833012,
       "USDTZS":2268.000173,
       "USDUAH":26.079795,
       "USDUGX":3826.999971,
       "USDUSD":1,
       "USDUYU":31.150137,
       "USDUZS":7913.999993,
       "USDVEF":79799.999504,
       "USDVND":22811,
       "USDVUV":106.570027,
       "USDWST":2.570803,
       "USDXAF":555.52002,
       "USDXAG":0.059414,
       "USDXAU":0.000772,
       "USDXCD":2.699794,
       "USDXDR":0.704142,
       "USDXOF":555.52002,
       "USDXPF":101.148205,
       "USDYER":249.649994,
       "USDZAR":13.175902,
       "USDZMK":9001.208006,
       "USDZMW":10.079651,
       "USDZWL":322.355011
    },
    "decimal":{
      "USDAED":2,
      "USDAFN":2,
      "USDALL":2,
      "USDAMD":0,
      "USDANG":2,
      "USDAOA":2,
      "USDARS":2,
      "USDAUD":2,
      "USDAWG":2,
      "USDAZN":2,
      "USDBAM":2,
      "USDBBD":2,
      "USDBDT":2,
      "USDBGN":2,
      "USDBHD":3,
      "USDBIF":0,
      "USDBMD":2,
      "USDBND":2,
      "USDBOB":2,
      "USDBRL":2,
      "USDBSD":2,
      "USDBTC":2,
      "USDBTN":2,
      "USDBWP":2,
      "USDBYN":2,
      "USDBYR":0,
      "USDBZD":2,
      "USDCAD":2,
      "USDCDF":2,
      "USDCHF":2,
      "USDCLF":0,
      "USDCLP":0,
      "USDCNY":1,
      "USDCOP":0,
      "USDCRC":2,
      "USDCUC":2,
      "USDCUP":2,
      "USDCVE":0,
      "USDCZK":2,
      "USDDJF":0,
      "USDDKK":2,
      "USDDOP":2,
      "USDDZD":2,
      "USDEGP":2,
      "USDERN":2,
      "USDETB":2,
      "USDEUR":2,
      "USDFJD":2,
      "USDFKP":2,
      "USDGBP":2,
      "USDGEL":2,
      "USDGGP":2,
      "USDGHS":2,
      "USDGIP":2,
      "USDGMD":2,
      "USDGNF":0,
      "USDGTQ":2,
      "USDGYD":2,
      "USDHKD":2,
      "USDHNL":2,
      "USDHRK":2,
      "USDHTG":2,
      "USDHUF":2,
      "USDIDR":0,
      "USDILS":2,
      "USDIMP":2,
      "USDINR":2,
      "USDIQD":0,
      "USDIRR":0,
      "USDISK":0,
      "USDJEP":2,
      "USDJMD":2,
      "USDJOD":3,
      "USDJPY":0,
      "USDKES":2,
      "USDKGS":2,
      "USDKHR":0,
      "USDKMF":0,
      "USDKPW":0,
      "USDKRW":0,
      "USDKWD":3,
      "USDKYD":2,
      "USDKZT":2,
      "USDLAK":0,
      "USDLBP":0,
      "USDLKR":2,
      "USDLRD":2,
      "USDLSL":2,
      "USDLTL":2,
      "USDLVL":2,
      "USDLYD":3,
      "USDMAD":2,
      "USDMDL":2,
      "USDMGA":3,
      "USDMKD":2,
      "USDMMK":0,
      "USDMNT":2,
      "USDMOP":1,
      "USDMRO":3,

      "USDMUR":2,
      "USDMVR":2,
      "USDMWK":2,
      "USDMXN":2,
      "USDMYR":2,
      "USDMZN":2,
      "USDNAD":2,
      "USDNGN":2,
      "USDNIO":2,
      "USDNOK":2,
      "USDNPR":2,
      "USDNZD":2,
      "USDOMR":3,
      "USDPAB":2,
      "USDPEN":2,
      "USDPGK":2,
      "USDPHP":2,
      "USDPKR":2,
      "USDPLN":2,
      "USDPYG":0,
      "USDQAR":2,
      "USDRON":2,
      "USDRSD":2,
      "USDRUB":2,
      "USDRWF":0,
      "USDSAR":2,
      "USDSBD":2,
      "USDSCR":2,
      "USDSDG":2,
      "USDSEK":2,
      "USDSGD":2,
      "USDSHP":2,
      "USDSLL":0,
      "USDSOS":2,
      "USDSRD":2,
      "USDSTD":0,
      "USDSVC":2,
      "USDSYP":2,
      "USDSZL":2,
      "USDTHB":2,
      "USDTJS":2,
      "USDTMT":2,
      "USDTND":3,
      "USDTOP":2,
      "USDTRY":2,
      "USDTTD":2,
      "USDTWD":1,
      "USDTZS":2,
      "USDUAH":2,
      "USDUGX":0,
      "USDUSD":2,
      "USDUYU":2,
      "USDUZS":2,
      "USDVEF":2,
      "USDVND":0,
      "USDVUV":0,
      "USDWST":2,
      "USDXAF":0,
      "USDXAG":2,
      "USDXAU":2,
      "USDXCD":2,
      "USDXDR":2,
      "USDXOF":0,
      "USDXPF":0,
      "USDYER":0,
      "USDZAR":2,
      "USDZMK":2,
      "USDZMW":0,
      "USDZWL":2      
    }
 }